Sales,Profit,Quantity,Discount,Total_Orders,Avg_Order_Value
5563.56,-362.8825,30,0.09090909090909091,5,1112.712
1056.39,277.3824,41,0.08000000000000002,9,117.37666666666668
1790.5120000000002,435.8274,36,0.016666666666666666,4,447.62800000000004
5086.9349999999995,857.8033,64,0.06388888888888888,6,847.8224999999999
886.156,129.3465,13,0.06666666666666667,3,295.38533333333334
7755.62,2054.5885,56,0.044444444444444446,8,969.4525
14473.570999999998,5444.8055,73,0.24,10,1447.3570999999997
966.71,313.6597,37,0.13333333333333333,5,193.342
1113.838,220.813,48,0.13571428571428573,8,139.22975
914.5319999999999,264.5675,39,0.1,9,101.61466666666666
1515.862,-274.9604,38,0.375,4,378.9655
925.8,-62.1342,17,0.32,3,308.59999999999997
5527.846,1366.0098,43,0.18888888888888888,7,789.6922857142856
2537.6859999999997,298.8273,59,0.1111111111111111,5,507.5371999999999
657.316,-28.700399999999995,16,0.18333333333333335,5,131.4632
6106.88,1869.9294,40,0.05833333333333333,8,763.36
2052.908,317.9712,51,0.2,7,293.27257142857144
861.565,-163.1175,37,0.2571428571428572,4,215.39125
2582.898,732.7399,58,0.014285714285714287,5,516.5796
367.548,59.288399999999996,16,0.08,4,91.887
660.972,-5.137100000000006,47,0.23333333333333334,5,132.1944
200.945,69.2784,33,0.22499999999999998,5,40.189
2356.855,295.6668,93,0.20476190476190476,8,294.606875
1455.038,-152.7613,33,0.15555555555555556,4,363.7595
3489.0396000000005,-246.42570000000003,54,0.16133333333333333,7,498.43422857142866
170.584,-8.431000000000001,20,0.45999999999999996,4,42.646
4510.797,343.6824,92,0.16666666666666666,10,451.07969999999995
1744.7,365.2152,54,0.09090909090909091,7,249.24285714285716
3250.337,281.189,75,0.135,10,325.0337
1735.5140000000001,-2.3145999999999773,65,0.23750000000000002,7,247.93057142857145
1587.452,-378.5509,28,0.35,4,396.863
4805.344,1308.5546,53,0.09230769230769233,9,533.9271111111111
2495.3916,-196.12009999999998,35,0.14,5,499.07831999999996
738.504,83.96300000000001,17,0.12000000000000002,4,184.626
7888.294,1298.0166,102,0.21739130434782608,12,657.3578333333334
4375.786,867.7271000000001,72,0.07222222222222223,10,437.5786
4867.344,150.71300000000005,62,0.08666666666666667,7,695.3348571428571
4501.391,1158.7064,88,0.08333333333333333,7,643.0558571428571
1839.24,521.1351999999999,40,0.04,7,262.74857142857144
629.2479999999999,60.4265,22,0.04,3,209.7493333333333
814.012,194.9878,48,0.125,5,162.80239999999998
5664.022,1085.7326,81,0.06363636363636363,8,708.00275
161.28,12.096,2,0.2,1,161.28
1638.554,285.7888,85,0.1631578947368421,8,204.81925
3323.556,579.3113,102,0.09354838709677421,10,332.3556
1055.694,-221.0544,18,0.26,4,263.9235
2236.128,-98.7646,29,0.09999999999999999,5,447.22560000000004
264.86400000000003,43.6695,33,0.21428571428571427,5,52.97280000000001
6608.448,2884.6208,33,0.06666666666666668,6,1101.4080000000001
88.15,32.633,6,0.0,1,88.15
4523.336,494.83519999999993,54,0.07692307692307693,8,565.417
3050.692,-253.57459999999998,48,0.355,7,435.81314285714285
3255.31,64.53739999999998,81,0.18,9,361.7011111111111
58.82,21.8496,9,0.06666666666666667,2,29.41
4260.784,719.7751000000001,41,0.06153846153846154,5,852.1568
584.6080000000001,33.715799999999994,39,0.2692307692307692,7,83.51542857142859
3214.236,354.62760000000003,39,0.225,6,535.706
833.398,136.49190000000002,34,0.18333333333333335,7,119.05685714285714
1171.814,100.87680000000002,28,0.19999999999999998,6,195.30233333333334
3831.864,974.107,60,0.08750000000000001,10,383.1864
649.376,65.77250000000001,24,0.2,4,162.344
2852.968,-104.5486,68,0.30625,7,407.56685714285715
497.014,103.3499,34,0.1,4,124.2535
1622.0179999999998,154.9503,40,0.125,6,270.3363333333333
744.3399999999999,11.583900000000007,26,0.2,5,148.868
6765.728,1015.0749999999999,83,0.195,9,751.7475555555556
2933.676,251.5974,60,0.1111111111111111,9,325.964
5718.521,1094.5037,75,0.07894736842105263,12,476.54341666666664
4411.2429999999995,1142.1225,49,0.135,6,735.2071666666666
320.54,116.714,11,0.0,2,160.27
3288.471,634.8463,74,0.0725,7,469.78157142857145
1538.11,206.75689999999997,27,0.17500000000000002,6,256.35166666666663
582.646,141.53400000000002,19,0.1,3,194.21533333333332
1526.5,333.9791,29,0.02,6,254.41666666666666
658.466,141.265,21,0.12000000000000002,6,109.74433333333333
4204.676,1487.7739000000001,35,0.022222222222222223,5,840.9352000000001
2261.438,755.9150999999999,19,0.16,5,452.2876
1727.652,139.20080000000002,40,0.14615384615384613,6,287.942
599.798,227.4384,38,0.14615384615384613,7,85.68542857142857
1333.88,-291.38109999999995,26,0.18,4,333.47
2888.506,302.02,78,0.2571428571428572,8,361.06325
272.95,110.9272,29,0.0,3,90.98333333333333
5907.972,1538.2127,102,0.12222222222222222,11,537.0883636363636
1585.162,523.2133,48,0.05,4,396.2905
791.9899999999999,25.870199999999997,11,0.15000000000000002,3,263.9966666666666
2798.948,-711.4274,35,0.19166666666666665,8,349.8685
1874.172,107.5715,24,0.1375,6,312.362
1006.356,119.34790000000001,22,0.14285714285714285,6,167.726
6255.351,802.7898,97,0.18333333333333335,8,781.918875
659.1379999999999,-63.764399999999995,58,0.20625000000000002,6,109.85633333333332
11789.63,-1659.9580999999998,64,0.16875,4,2947.4075
808.162,95.58160000000001,22,0.18,6,134.69366666666667
7294.185,2199.2781,95,0.08448275862068966,11,663.1077272727273
1338.842,137.7439,44,0.25,10,133.88420000000002
265.296,36.6131,15,0.16666666666666666,4,66.324
1459.344,340.7054,79,0.023529411764705882,5,291.8688
2682.728,278.77700000000004,43,0.2333333333333333,5,536.5456
130.83,59.4522,7,0.0,2,65.415
983.42,209.78300000000002,30,0.14285714285714285,5,196.684
2442.044,433.9751,70,0.165,12,203.50366666666665
1697.8609999999999,647.3847000000001,32,0.0818181818181818,6,282.97683333333333
3675.861,363.5991,69,0.19444444444444445,9,408.429
1181.49,-197.2695,14,0.06666666666666667,5,236.298
2475.157,-319.0637,51,0.3,7,353.5938571428572
10501.653,2616.0643999999998,39,0.011111111111111112,5,2100.3306000000002
3887.834,-17.532200000000024,58,0.27692307692307694,5,777.5668
2454.928,381.7807,41,0.3,6,409.1546666666666
3288.1099999999997,238.73680000000002,47,0.18181818181818182,3,1096.0366666666666
2562.382,-113.29840000000003,45,0.13214285714285715,7,366.0545714285714
949.4300000000001,194.0516,22,0.0,2,474.71500000000003
2567.656,417.5918,33,0.044444444444444446,5,513.5312
2186.6130000000003,257.9163,38,0.15,6,364.43550000000005
603.876,-77.5256,16,0.15714285714285717,4,150.969
415.19599999999997,126.8694,11,0.06666666666666667,2,207.59799999999998
2684.4919999999997,409.4983,44,0.1,5,536.8983999999999
3196.752,447.74839999999995,88,0.07,7,456.6788571428571
1523.2730000000001,315.2214,49,0.09285714285714285,5,304.6546
385.516,-58.28659999999999,8,0.13333333333333333,3,128.50533333333334
4750.358,921.2574,74,0.1411764705882353,8,593.79475
1738.406,246.9973,49,0.15,6,289.7343333333333
3789.7228,1143.3817,29,0.11200000000000002,6,631.6204666666666
1679.7240000000002,211.2559,49,0.3,5,335.94480000000004
2648.2872,279.6183,65,0.18941176470588236,9,294.25413333333336
1421.954,246.02179999999998,25,0.11818181818181818,4,355.4885
3041.566,204.48950000000002,72,0.18823529411764706,7,434.50942857142854
6076.139,150.2089,122,0.16346153846153846,10,607.6139000000001
1949.2,272.3883,44,0.3333333333333333,8,243.65
4246.4555,1049.5601,74,0.05,8,530.8069375
1770.945,208.5912,46,0.21538461538461537,6,295.15749999999997
2471.65,392.2825,31,0.08181818181818182,7,353.09285714285716
3913.418,393.9618,81,0.11818181818181818,12,326.1181666666667
12129.072000000002,2177.0493,34,0.2818181818181818,5,2425.8144
2870.05,424.6583,63,0.05789473684210527,10,287.005
1659.438,154.851,40,0.16153846153846155,9,184.382
113.832,33.870599999999996,14,0.15000000000000002,3,37.943999999999996
2540.631,331.434,39,0.27499999999999997,7,362.94728571428567
2269.7015,187.8399,47,0.16785714285714287,7,324.24307142857145
2854.1150000000002,850.1591,51,0.25,4,713.5287500000001
2033.968,426.661,35,0.044444444444444446,5,406.7936
639.766,-206.7172,22,0.43333333333333335,3,213.2553333333333
1205.584,233.0274,39,0.08461538461538462,2,602.792
1860.732,403.8422,49,0.02666666666666667,5,372.14639999999997
904.4680000000001,86.5106,37,0.18888888888888888,6,150.7446666666667
1148.7800000000002,169.93439999999998,14,0.2,3,382.92666666666673
1537.236,195.15109999999999,13,0.15000000000000002,3,512.412
16.52,1.652,5,0.2,1,16.52
11164.974,858.7414,83,0.1885,8,1395.62175
3154.855,141.2831,122,0.234375,13,242.68115384615385
2945.321,261.22090000000003,46,0.18333333333333335,5,589.0642
2372.75,497.70980000000003,108,0.184,11,215.70454545454547
1582.109,-338.4311,64,0.15,9,175.78988888888887
1262.0140000000001,328.0847,24,0.05714285714285715,4,315.50350000000003
10880.546,1933.7830999999999,106,0.1142857142857143,12,906.7121666666667
2353.586,229.00990000000002,34,0.1875,5,470.71719999999993
1673.888,214.463,38,0.12000000000000002,6,278.98133333333334
565.392,-43.732400000000005,18,0.2,2,282.696
1661.6100000000001,409.0679,35,0.028571428571428574,4,415.40250000000003
2533.314,-394.3686,23,0.24285714285714285,6,422.219
1475.144,91.2033,21,0.07142857142857142,6,245.85733333333334
2305.712,365.0387,28,0.07500000000000001,5,461.1424
8954.019999999999,3899.8903999999998,34,0.12,4,2238.5049999999997
287.99,64.4296,32,0.07777777777777778,3,95.99666666666667
6339.5576,1572.4585,42,0.072,6,1056.5929333333333
3984.4524,176.3108,57,0.30923076923076925,4,996.1131
5402.254,427.0258,57,0.14285714285714285,8,675.28175
5888.275,-1850.3029000000001,59,0.21333333333333335,8,736.034375
2148.852,74.40129999999999,32,0.13333333333333333,4,537.213
475.9,144.7594,14,0.0,3,158.63333333333333
1600.55,306.9176,18,0.26666666666666666,4,400.1375
1397.8724,83.27029999999999,26,0.13142857142857142,3,465.9574666666667
1278.954,185.3776,22,0.275,5,255.7908
537.632,105.8275,16,0.2285714285714286,6,89.60533333333332
3036.547,-126.4223,68,0.2636363636363636,11,276.0497272727273
884.64,143.8339,28,0.1142857142857143,4,221.16
844.4580000000001,113.1405,30,0.1625,5,168.8916
2754.216,738.3626,97,0.05714285714285715,12,229.518
3202.1620000000003,831.9432,74,0.08181818181818182,11,291.1056363636364
3651.8585000000003,-342.80330000000004,47,0.21428571428571427,9,405.7620555555556
550.644,156.2593,13,0.06666666666666667,2,275.322
1077.2285,-302.8761,33,0.25,4,269.307125
5690.054999999999,-6626.389499999999,40,0.19999999999999998,6,948.3424999999999
3241.898,161.22629999999995,60,0.16111111111111112,8,405.23725
2830.6279999999997,493.0861,54,0.07692307692307693,5,566.1256
2370.3136,98.99749999999999,62,0.2431578947368421,9,263.36817777777776
1136.592,370.8298,40,0.09090909090909091,6,189.43200000000002
2900.026,60.64670000000001,43,0.2,8,362.50325
1300.076,205.62820000000002,30,0.175,5,260.0152
156.76,56.7904,27,0.125,4,39.19
2171.599,431.3748,47,0.15416666666666667,8,271.449875
2839.2272,213.00289999999998,43,0.16571428571428573,5,567.8454399999999
4531.646,473.0272,48,0.1846153846153846,7,647.3779999999999
2973.094,-1421.7692,59,0.14285714285714285,7,424.7277142857143
2332.577,169.9679,75,0.18571428571428572,10,233.25770000000003
4655.897,841.8263999999999,52,0.2076923076923077,8,581.987125
1081.466,291.0085,28,0.08333333333333333,5,216.29319999999998
1711.692,438.9092,62,0.028571428571428574,4,427.923
3908.8028,109.32700000000001,61,0.15142857142857144,7,558.4004
1989.05,438.80119999999994,41,0.14545454545454548,7,284.15
1155.202,177.67350000000002,33,0.16,7,165.02885714285713
3336.168,-1441.6312999999998,64,0.21111111111111114,9,370.68533333333335
1174.618,132.06820000000002,37,0.07857142857142858,5,234.9236
269.542,36.4344,33,0.24444444444444446,6,44.92366666666666
2550.874,464.47139999999996,38,0.1111111111111111,5,510.17479999999995
2390.534,-259.3097,23,0.2833333333333334,3,796.8446666666667
3195.818,562.7761,39,0.1,5,639.1636000000001
4932.872,1193.7404,81,0.0782608695652174,6,822.1453333333334
1043.096,116.667,41,0.12272727272727274,4,260.774
2012.52,483.03499999999997,20,0.0,4,503.13
2501.6879999999996,345.2521,52,0.06923076923076923,8,312.71099999999996
3356.398,731.5644,43,0.0625,3,1118.7993333333334
3256.48,881.1228000000001,86,0.17777777777777778,12,271.37333333333333
4282.176,937.6496,65,0.08000000000000002,5,856.4352000000001
1687.04,-107.35379999999998,32,0.1625,5,337.408
2650.557,536.3935,33,0.13846153846153847,7,378.65099999999995
797.832,249.9447,20,0.12000000000000002,2,398.916
4802.394,209.89940000000004,70,0.19473684210526318,9,533.5993333333333
3318.486,377.0799,77,0.10869565217391304,8,414.81075
1503.112,322.2449,51,0.15,8,187.889
3272.2,4.213200000000029,43,0.03571428571428571,6,545.3666666666667
1458.258,288.8732,74,0.1823529411764706,8,182.28225
585.02,222.6812,32,0.05,4,146.255
3539.322,-52.78799999999997,33,0.05000000000000001,8,442.41525
1322.034,108.7583,28,0.16666666666666666,7,188.86200000000002
6345.103,1677.3931,87,0.22999999999999998,7,906.4432857142857
4074.4719999999998,1319.0586,41,0.1,8,509.30899999999997
1376.792,199.7688,33,0.16999999999999998,3,458.93066666666664
2139.79,540.5405000000001,41,0.018181818181818184,7,305.6842857142857
1300.0315,-38.90860000000001,48,0.15769230769230771,9,144.44794444444446
1267.316,294.0676,36,0.09090909090909091,7,181.04514285714285
1050.636,241.4524,58,0.2117647058823529,9,116.73733333333332
2215.002,563.1761,63,0.1142857142857143,8,276.87525
1058.616,-40.93759999999999,20,0.15000000000000002,2,529.308
5480.723999999999,1571.8318,50,0.18571428571428572,9,608.9693333333332
6528.034000000001,1641.8613,103,0.13333333333333333,9,725.3371111111112
8350.868,2869.0759999999996,57,0.15384615384615383,8,1043.8585
1762.213,193.3319,54,0.1394736842105263,4,440.55325
2881.8128,163.6993,68,0.15350000000000003,9,320.2014222222222
1119.483,-427.184,28,0.17222222222222222,5,223.89659999999998
3341.587,353.2127,62,0.11333333333333334,6,556.9311666666666
1080.751,-86.87379999999999,39,0.24444444444444446,6,180.12516666666667
5271.628,1348.7556,38,0.03636363636363637,5,1054.3256
344.08,69.6672,21,0.17777777777777778,5,68.816
1204.854,-266.8966,44,0.17,7,172.122
755.602,175.2388,19,0.21666666666666667,5,151.1204
7198.7609999999995,333.36479999999995,99,0.18620689655172415,11,654.4328181818181
2846.705,-52.74059999999998,87,0.3,13,218.97730769230768
3644.978,13.621500000000005,55,0.25833333333333336,9,404.99755555555555
3236.314,-80.28599999999999,91,0.145,10,323.6314
4358.128,656.1988,41,0.125,5,871.6256
2767.219,261.5315,41,0.29090909090909095,10,276.7219
944.6000000000001,0.6042000000000058,24,0.17142857142857143,5,188.92000000000002
1643.255,162.8781,18,0.2833333333333333,4,410.81375
3071.126,184.7656,30,0.2090909090909091,6,511.8543333333334
1186.326,282.1701,20,0.2285714285714286,6,197.721
461.914,96.4256,37,0.09999999999999999,5,92.3828
3484.92,670.4435000000001,54,0.21428571428571427,8,435.615
1832.02,104.2656,44,0.2,5,366.404
10310.880000000001,1393.5154,120,0.07187500000000001,12,859.2400000000001
684.1709999999999,53.53980000000001,72,0.29411764705882354,8,85.52137499999999
825.9499999999999,150.3759,20,0.0625,6,137.65833333333333
1219.53,-94.14079999999997,50,0.17272727272727273,7,174.21857142857144
3082.653,96.27019999999999,76,0.20555555555555557,10,308.26529999999997
923.884,242.1107,22,0.28750000000000003,6,153.98066666666668
2162.174,387.0176,31,0.175,4,540.5435
2656.691,451.87550000000005,31,0.0625,5,531.3381999999999
1303.478,97.10659999999999,18,0.0875,4,325.8695
124.28,27.1154,9,0.0,2,62.14
2567.0099999999998,-133.8275,23,0.14285714285714285,5,513.4019999999999
2339.598,682.5541999999999,57,0.0625,8,292.44975
933.704,102.29599999999999,18,0.2333333333333333,5,186.74079999999998
228.99,40.15459999999999,22,0.25,4,57.2475
1041.0420000000001,240.2362,34,0.1,4,260.26050000000004
4588.436000000001,1319.3655,74,0.06666666666666668,6,764.7393333333334
366.822,21.7721,13,0.125,3,122.274
2199.366,496.1131,27,0.044444444444444446,4,549.8415
5478.0608,144.9578,124,0.19741935483870968,17,322.23887058823533
1245.788,-295.7398,27,0.2,3,415.2626666666667
3510.4579999999996,1003.2935,31,0.125,5,702.0916
4657.924,246.6661,77,0.26,9,517.5471111111111
2984.054,520.5229,58,0.25882352941176473,7,426.2934285714286
3418.742,1217.1662000000001,50,0.1357142857142857,7,488.39171428571433
3889.366,714.2926,37,0.16,7,555.6237142857143
1383.144,394.73969999999997,48,0.11818181818181818,7,197.592
4256.272,1073.2676,65,0.1285714285714286,10,425.6272
2271.284,706.289,52,0.10714285714285714,4,567.821
6987.196,2050.2826,52,0.13846153846153847,8,873.3995
2456.638,249.6808,48,0.09333333333333334,10,245.66379999999998
3736.198,198.10949999999997,79,0.18,9,415.1331111111111
2523.266,191.4898,53,0.15714285714285717,9,280.3628888888889
2678.438,215.59689999999998,60,0.22,10,267.8438
4046.746,406.44730000000004,54,0.13571428571428573,8,505.84325
79.75,23.491300000000003,9,0.0,3,26.583333333333332
3919.7760000000003,840.899,48,0.0642857142857143,8,489.97200000000004
1398.382,136.70790000000002,79,0.17954545454545456,11,127.12563636363637
1568.44,7.837100000000003,62,0.16999999999999998,11,142.58545454545455
4716.288,1135.8393,63,0.037500000000000006,5,943.2575999999999
1888.07,230.93729999999996,25,0.13333333333333333,4,472.0175
2224.0,12.698500000000008,92,0.15,9,247.11111111111111
2819.4669999999996,-576.8335,65,0.27058823529411763,9,313.2741111111111
4172.8460000000005,1176.4181,51,0.19,4,1043.2115000000001
1361.2440000000001,-95.4498,15,0.4666666666666666,2,680.6220000000001
146.94080000000002,-5.810200000000001,9,0.24,2,73.47040000000001
6497.27,1448.5525,66,0.15714285714285717,9,721.9188888888889
3582.8199999999997,347.266,43,0.11818181818181818,7,511.83142857142855
3078.624,793.2814000000001,54,0.16666666666666666,6,513.1039999999999
1255.682,441.3185,53,0.11538461538461539,10,125.5682
3163.628,35.48649999999999,31,0.14545454545454548,6,527.2713333333334
6049.966,188.7235,44,0.05454545454545456,3,2016.6553333333334
236.53,31.837600000000002,21,0.13999999999999999,2,118.265
1284.38,359.83320000000003,23,0.0,2,642.19
9351.212,-4108.6589,26,0.25,3,3117.0706666666665
11820.119999999999,2163.4269,106,0.1,11,1074.5563636363636
226.436,-6.139200000000002,23,0.2,4,56.609
2189.019,-268.54229999999995,43,0.15555555555555556,7,312.717
4355.150000000001,1087.7539,48,0.07857142857142858,9,483.9055555555556
2454.6220000000003,828.661,25,0.04,4,613.6555000000001
2163.3,270.8574,45,0.22999999999999998,7,309.04285714285714
2584.158,99.1445,72,0.2,8,323.01975
251.36,-135.87599999999998,31,0.3,3,83.78666666666668
883.5319999999999,274.4028,44,0.018181818181818184,4,220.88299999999998
2533.1639999999998,-13.876799999999989,70,0.13157894736842105,7,361.8805714285714
785.628,147.0032,31,0.19,5,157.12560000000002
3247.642,-2797.9635000000003,68,0.17058823529411765,12,270.6368333333333
3690.284,804.6113,38,0.17272727272727273,7,527.1834285714286
218.668,86.7342,20,0.03333333333333333,2,109.334
358.1,98.6548,21,0.10000000000000002,5,71.62
4877.784,956.9451,64,0.21333333333333335,8,609.723
12873.297999999999,5622.4292000000005,50,0.018181818181818184,6,2145.5496666666663
8236.7648,2437.9836,76,0.231,10,823.6764800000001
736.276,117.2755,29,0.17142857142857146,4,184.069
1990.314,373.8637,44,0.3,7,284.33057142857143
1299.288,185.5794,38,0.04615384615384616,5,259.8576
5248.787,1196.9504,51,0.09999999999999999,7,749.8267142857143
9300.254,2164.1611,85,0.045,8,1162.53175
886.52,-130.3879,21,0.19999999999999998,5,177.304
744.574,320.4982,19,0.028571428571428574,4,186.1435
5040.736,1121.937,60,0.07142857142857142,7,720.1051428571428
2872.63,975.7701,19,0.1,3,957.5433333333334
4930.474,514.6527,93,0.16666666666666666,7,704.3534285714286
6491.026,-819.4217000000001,87,0.2125,8,811.37825
1791.605,156.05319999999998,43,0.20625000000000002,10,179.1605
900.552,-286.9808,32,0.3,3,300.184
644.1188,126.76490000000001,32,0.07428571428571429,7,92.01697142857142
2518.115,201.51850000000002,32,0.1888888888888889,5,503.62299999999993
71.263,-0.35560000000000036,12,0.22499999999999998,4,17.81575
1058.108,502.92440000000005,14,0.05,1,1058.108
2772.055,279.56919999999997,64,0.12187500000000001,9,308.00611111111107
858.576,201.5952,43,0.044444444444444446,5,171.7152
2152.352,-266.55249999999995,26,0.17142857142857146,5,430.4704
7610.8640000000005,1050.2667999999999,150,0.075,11,691.8967272727273
385.43,26.7605,39,0.3090909090909091,6,64.23833333333333
695.442,111.11410000000001,17,0.049999999999999996,3,231.814
8828.0305,1619.5199,60,0.05588235294117647,8,1103.5038125
1388.682,276.2197,49,0.18461538461538465,6,231.447
7754.976,1623.4019,74,0.16,7,1107.8537142857142
8697.842999999999,1262.2926,97,0.3227272727272727,10,869.7842999999999
6760.8150000000005,221.79670000000002,90,0.14565217391304347,13,520.0626923076924
2697.248,789.6476,34,0.028571428571428574,3,899.0826666666667
2279.5860000000002,575.1259,72,0.12105263157894736,7,325.6551428571429
955.124,97.28899999999999,42,0.1142857142857143,5,191.0248
1911.844,330.199,58,0.07500000000000001,6,318.6406666666667
2371.448,635.6376,69,0.07142857142857142,6,395.24133333333333
1082.918,-18.06730000000001,36,0.14666666666666667,11,98.4470909090909
4198.332,1073.2088,67,0.17500000000000002,8,524.7915
2358.676,684.1911,20,0.24285714285714288,3,786.2253333333333
6366.392,1415.6664,70,0.1111111111111111,11,578.762909090909
2240.58,3.7976000000000063,46,0.2545454545454545,6,373.43
1507.018,206.1019,46,0.06666666666666668,6,251.16966666666667
309.281,-24.077100000000005,29,0.31428571428571433,4,77.32025
528.91,26.082199999999997,29,0.15000000000000002,6,88.15166666666666
959.477,-13.554499999999996,35,0.14444444444444446,7,137.06814285714285
7954.9980000000005,-644.6982,64,0.08571428571428573,6,1325.833
2256.3940000000002,-96.95300000000002,28,0.22000000000000003,4,564.0985000000001
709.178,200.5558,25,0.06666666666666667,5,141.8356
195.0,34.449200000000005,11,0.06666666666666667,2,97.5
4427.142,1219.983,67,0.13076923076923078,5,885.4284
383.812,55.32769999999999,15,0.1,3,127.93733333333334
2709.632,330.2838,72,0.12352941176470589,8,338.704
3760.028,750.9485,44,0.11666666666666668,7,537.1468571428571
4760.434,1172.5303,41,0.10000000000000002,9,528.9371111111111
4867.2,55.0483,88,0.3325,10,486.71999999999997
3747.668,586.6625,43,0.19999999999999998,3,1249.2226666666668
2932.484,122.6566,49,0.20588235294117646,10,293.2484
1214.956,-207.79559999999998,42,0.26666666666666666,6,202.49266666666665
1571.523,209.2817,29,0.21428571428571427,5,314.3046
2203.7,54.51740000000002,39,0.22000000000000003,5,440.73999999999995
3173.874,591.7163,56,0.07058823529411766,6,528.9789999999999
9799.923,228.907,143,0.08823529411764706,11,890.9020909090909
2725.256,779.9046,38,0.23636363636363636,6,454.2093333333333
3159.1220000000003,19.82350000000004,91,0.2894736842105263,6,526.5203333333334
1804.146,502.6143,52,0.13846153846153847,5,360.8292
1733.443,356.5395,46,0.09,7,247.6347142857143
303.948,113.1204,26,0.1142857142857143,5,60.78959999999999
864.947,117.20400000000001,41,0.15833333333333335,5,172.9894
7625.076000000001,1574.6163999999999,50,0.1846153846153846,7,1089.2965714285715
2833.9260000000004,754.1144,74,0.06315789473684212,10,283.3926
3254.949,581.4045,59,0.07307692307692308,9,361.661
1934.272,202.13619999999997,36,0.17272727272727273,6,322.3786666666667
1090.838,167.6709,42,0.23636363636363636,5,218.1676
1669.135,429.7465,54,0.14,7,238.44785714285715
3635.594,757.1802,63,0.059375000000000004,7,519.3705714285715
1707.71,309.7116,47,0.15384615384615385,9,189.74555555555557
1156.658,-785.1645,14,0.3,2,578.329
863.88,107.985,3,0.2,1,863.88
2201.686,452.37300000000005,41,0.22000000000000003,5,440.33720000000005
1417.654,-175.54899999999998,35,0.3125,4,354.4135
1131.0639999999999,-54.8692,42,0.20909090909090908,4,282.76599999999996
3868.02,564.9798000000001,43,0.14666666666666667,5,773.604
469.169,-327.9336,37,0.3375,5,93.8338
2516.494,-311.25749999999994,70,0.18333333333333332,6,419.4156666666667
7721.714,2173.7093999999997,66,0.07142857142857142,6,1286.9523333333334
1244.086,-29.575899999999987,41,0.08181818181818182,7,177.72657142857142
1428.731,154.06369999999998,38,0.32857142857142857,4,357.18275
1519.506,234.9194,57,0.05454545454545456,7,217.07228571428573
3152.6150000000002,763.9076,34,0.15,7,450.37357142857144
1569.464,49.71929999999999,62,0.19545454545454544,9,174.3848888888889
908.821,274.297,25,0.044444444444444446,3,302.94033333333334
2744.742,579.3551,102,0.10869565217391304,12,228.72850000000003
983.922,293.55240000000003,29,0.2666666666666667,7,140.56028571428573
2120.954,846.1217,40,0.02,6,353.49233333333336
3908.262,709.4219,28,0.2,4,977.0655
1146.05,156.7797,40,0.08571428571428573,4,286.5125
8282.358,1107.6952000000003,64,0.1875,5,1656.4716
1888.964,328.5942,36,0.13,6,314.82733333333334
8181.256,3038.6254,84,0.08750000000000001,12,681.7713333333334
2243.5099999999998,539.7219,56,0.1076923076923077,5,448.70199999999994
1686.7312,397.87989999999996,67,0.21466666666666667,8,210.8414
10604.266,1660.1386,67,0.03333333333333334,7,1514.895142857143
3312.864,454.7871,70,0.1388888888888889,8,414.108
3100.612,528.2051,40,0.15,6,516.7686666666667
5952.859,656.1162,91,0.10869565217391304,7,850.4084285714287
3918.9660000000003,727.3786,84,0.10588235294117647,9,435.4406666666667
5990.799,1227.5091,69,0.12666666666666665,7,855.8284285714286
5016.488,-182.78130000000002,84,0.29545454545454547,8,627.061
14175.229000000001,806.855,113,0.19999999999999998,12,1181.2690833333334
2260.958,635.1057000000001,72,0.021052631578947368,6,376.82633333333337
5620.186,973.7901999999999,69,0.13999999999999999,8,702.52325
453.538,91.1391,30,0.044444444444444446,5,90.7076
4909.472,745.7685,98,0.08928571428571429,8,613.684
2617.272,-151.1518,56,0.21764705882352942,9,290.808
2171.962,114.3083,49,0.28125,5,434.3924
2280.58,329.76250000000005,55,0.12000000000000001,8,285.0725
88.472,0.11099999999999888,10,0.275,3,29.490666666666666
3057.1,254.0032,45,0.2285714285714286,7,436.7285714285714
4642.088400000001,194.0671,37,0.14769230769230768,10,464.20884000000007
4416.5199999999995,1756.135,42,0.11000000000000001,5,883.3039999999999
449.096,107.92699999999999,22,0.04,4,112.274
8673.222,2059.1199,105,0.11538461538461539,11,788.4747272727273
50.188,18.6507,12,0.26666666666666666,3,16.729333333333333
4985.676,-52.19099999999998,76,0.23750000000000002,8,623.2095
2580.7039999999997,-188.25110000000004,113,0.24000000000000002,8,322.58799999999997
7663.126,1288.3469,93,0.1565217391304348,12,638.5938333333334
4492.946,288.26599999999996,52,0.17142857142857143,8,561.61825
3246.626,299.48019999999997,30,0.2857142857142857,4,811.6565
2095.064,86.77799999999999,43,0.27222222222222225,5,419.01279999999997
2633.582,231.12520000000004,62,0.18421052631578946,9,292.6202222222222
5.304,0.4641,3,0.2,1,5.304
1961.934,557.1714,25,0.028571428571428574,4,490.4835
1469.45,161.76489999999998,32,0.2555555555555556,6,244.90833333333333
3930.5089999999996,-3583.977,69,0.31875,7,561.5012857142857
287.426,12.627699999999999,12,0.3666666666666667,3,95.80866666666667
2295.332,526.0727,64,0.12666666666666665,9,255.03688888888888
318.239,-242.73989999999998,34,0.4666666666666666,4,79.55975
1739.689,316.5202,44,0.07894736842105263,9,193.2987777777778
2741.2039999999997,560.0078,50,0.016666666666666666,6,456.8673333333333
1346.774,-44.87799999999999,32,0.05714285714285715,5,269.35479999999995
644.35,150.1712,34,0.25555555555555554,5,128.87
756.606,110.7813,39,0.1111111111111111,4,189.1515
3653.399,338.44539999999995,52,0.18666666666666665,7,521.9141428571428
5142.892,535.4764,64,0.17500000000000002,6,857.1486666666666
1879.306,-382.8079,44,0.27499999999999997,5,375.8612
2845.27,-318.77369999999996,51,0.3071428571428571,6,474.21166666666664
2988.674,262.63669999999996,63,0.2818181818181818,9,332.0748888888889
1010.2560000000001,244.197,54,0.2,6,168.376
368.88000000000005,39.1952,16,0.11666666666666665,3,122.96000000000002
1008.1360000000001,348.3584,47,0.08333333333333333,6,168.02266666666668
329.876,59.036,8,0.13333333333333333,3,109.95866666666666
2936.252,320.973,63,0.24642857142857144,8,367.0315
2238.061,32.5767,50,0.20666666666666667,5,447.61220000000003
3230.308,662.8339000000001,38,0.10909090909090911,6,538.3846666666667
1259.04,192.6312,15,0.0,3,419.68
5420.514,837.2411,59,0.16666666666666666,7,774.3591428571428
4299.161,1240.2266,117,0.09411764705882353,11,390.8328181818182
2453.284,280.7822,42,0.041666666666666664,6,408.8806666666667
1548.702,212.425,63,0.17368421052631577,10,154.8702
1428.231,117.8057,39,0.2,7,204.033
2725.982,461.0014,54,0.13076923076923078,8,340.74775
4432.138,1802.3903,48,0.12,5,886.4276
1303.893,210.7493,40,0.29090909090909095,8,162.986625
2426.067,288.98409999999996,47,0.17058823529411765,6,404.3445
2258.192,195.4486,60,0.2222222222222222,8,282.274
795.154,-247.94350000000003,33,0.17500000000000002,4,198.7885
3805.714,698.4174,45,0.09999999999999999,7,543.6734285714285
2218.98,-64.1668,73,0.26842105263157895,10,221.898
1581.9979999999998,121.7565,34,0.05454545454545456,5,316.39959999999996
3766.382,-241.94999999999996,64,0.32941176470588235,7,538.0545714285714
1204.91,-4.040300000000002,45,0.2875,5,240.98200000000003
10663.728000000001,1859.4695,82,0.1318181818181818,10,1066.3728
1908.4532,77.81280000000001,46,0.2246153846153846,8,238.55665
1256.944,107.3604,15,0.16666666666666666,4,314.236
937.039,-341.52650000000006,36,0.13749999999999998,5,187.4078
1758.3,456.86080000000004,38,0.06666666666666667,5,351.65999999999997
3785.276,341.898,57,0.1285714285714286,7,540.7537142857143
2350.188,25.888599999999972,25,0.225,4,587.547
1342.282,-398.79319999999996,23,0.2571428571428572,3,447.4273333333333
1242.8329999999999,-470.7684,23,0.24285714285714288,5,248.56659999999997
776.384,171.7372,35,0.11923076923076924,9,86.26488888888889
3061.543,-93.603,42,0.1875,4,765.38575
16.739,-1.2453,8,0.44999999999999996,1,16.739
2394.025,28.761200000000038,55,0.18846153846153849,6,399.00416666666666
400.016,61.428599999999996,25,0.07777777777777778,4,100.004
2456.1820000000002,484.77330000000006,45,0.16363636363636364,8,307.02275000000003
1252.8,122.3612,19,0.23333333333333336,4,313.2
2203.7780000000002,238.5614,42,0.07272727272727274,7,314.82542857142863
2984.948,476.9032,31,0.13,5,596.9896
5503.093,170.9746,79,0.16818181818181818,9,611.4547777777777
6320.746,1054.5529000000001,50,0.21333333333333335,7,902.9637142857143
2302.368,-405.3559,73,0.3,8,287.796
1031.602,227.83380000000002,43,0.0818181818181818,4,257.9005
2722.843,684.9162,72,0.17250000000000001,9,302.5381111111111
2921.5,-76.17550000000003,51,0.16666666666666666,6,486.9166666666667
2071.9139999999998,409.51120000000003,53,0.1076923076923077,7,295.9877142857143
742.082,138.71620000000001,18,0.25,3,247.36066666666667
162.232,42.6648,7,0.06666666666666667,2,81.116
1314.023,178.402,17,0.13333333333333333,4,328.50575
3794.0800000000004,82.12499999999997,68,0.18125,11,344.91636363636366
2749.881,-520.3443,73,0.21052631578947367,8,343.735125
775.414,58.8916,32,0.14166666666666666,9,86.1571111111111
2477.946,290.8227,36,0.26,6,412.991
922.487,59.357699999999994,15,0.22000000000000003,4,230.62175
1687.0269999999998,169.34369999999998,49,0.16363636363636364,8,210.87837499999998
154.288,-82.0074,14,0.35000000000000003,2,77.144
3206.132,600.2873,77,0.12142857142857144,7,458.01885714285714
3983.6420000000003,638.1563,62,0.255,9,442.6268888888889
5087.92,226.4529,78,0.15526315789473685,9,565.3244444444445
639.178,162.9363,29,0.20000000000000004,4,159.7945
7443.6900000000005,844.9354999999998,105,0.16041666666666668,10,744.369
475.65599999999995,84.0268,21,0.15714285714285717,4,118.91399999999999
1613.402,247.4348,48,0.22,6,268.9003333333333
3144.678,280.85839999999996,73,0.09999999999999999,9,349.40866666666665
370.348,19.431199999999997,14,0.18,4,92.587
855.116,55.226,49,0.17272727272727273,6,142.51933333333332
2890.139,509.0068,31,0.12999999999999998,6,481.68983333333335
1319.4498,-23.676300000000005,44,0.2427272727272727,4,329.86245
1560.05,189.0258,52,0.24000000000000002,9,173.33888888888887
1734.574,273.8582,37,0.08636363636363636,7,247.79628571428572
5341.900000000001,1238.422,51,0.07857142857142858,7,763.1285714285715
5253.876,1665.516,13,0.06666666666666667,2,2626.938
2254.285,319.1211,49,0.3076923076923077,7,322.0407142857143
4152.696,-371.7111,89,0.2438095238095238,11,377.5178181818182
593.606,85.01910000000001,11,0.06666666666666667,4,148.4015
2564.906,787.7503,39,0.27999999999999997,6,427.4843333333333
273.87199999999996,24.788800000000002,7,0.1,2,136.93599999999998
1972.599,117.6429,64,0.1735294117647059,9,219.17766666666665
2461.404,580.3075,54,0.0411764705882353,5,492.2808
2218.9900000000002,-2204.8072,38,0.2642857142857143,6,369.8316666666667
8241.739,1314.758,64,0.13666666666666666,7,1177.3912857142857
1821.742,-359.02099999999996,29,0.24444444444444446,5,364.34839999999997
4326.139,353.64549999999997,63,0.21111111111111114,9,480.6821111111111
2893.455,443.33680000000004,36,0.0875,6,482.2425
8322.826,-1695.9714,52,0.25,7,1188.9751428571428
377.16200000000003,85.92779999999999,13,0.25,4,94.29050000000001
2031.472,388.2131,55,0.11666666666666668,7,290.2102857142857
1869.58,313.63349999999997,45,0.08750000000000001,5,373.916
1395.9379999999999,217.0893,41,0.1111111111111111,5,279.1876
2673.29,760.1666,52,0.05454545454545456,7,381.8985714285714
572.048,121.2177,51,0.1272727272727273,7,81.72114285714285
1418.0900000000001,343.6381,44,0.06000000000000001,4,354.52250000000004
6459.344,2751.6848999999997,44,0.042857142857142864,7,922.7634285714286
2161.979,788.9525000000001,60,0.26,10,216.19789999999998
5529.62,1208.8890000000001,77,0.05714285714285715,6,921.6033333333334
3908.402,514.6002,46,0.02,5,781.6804
1228.698,514.5017,23,0.18571428571428572,6,204.78300000000002
7903.1825,631.2282,63,0.19615384615384618,7,1129.0260714285714
2367.277,-25.148799999999966,37,0.22307692307692306,5,473.4554
2575.863,-12.303999999999997,52,0.20666666666666667,4,643.96575
2964.823,-234.7714,113,0.21538461538461537,13,228.0633076923077
7234.014,1023.123,78,0.21363636363636365,7,1033.4305714285715
2488.31,402.4236,77,0.175,9,276.4788888888889
1567.52,-5.88900000000001,58,0.16,9,174.1688888888889
3818.624,-925.1203,51,0.15999999999999998,5,763.7248
729.408,225.8588,27,0.1857142857142857,6,121.568
740.356,229.2257,54,0.12000000000000002,3,246.78533333333334
688.324,218.15970000000002,18,0.12000000000000002,4,172.081
1456.95,280.6606,54,0.1272727272727273,8,182.11875
132.738,21.897000000000002,10,0.1,2,66.369
1832.064,272.685,22,0.22000000000000003,4,458.016
1061.488,-184.3364,18,0.13333333333333333,2,530.744
9062.864,-614.2943000000001,75,0.12105263157894738,4,2265.716
2770.0,196.87389999999996,34,0.05,6,461.6666666666667
2206.1279999999997,591.3118000000001,32,0.06000000000000001,5,441.22559999999993
3086.907,137.46130000000002,83,0.16923076923076924,13,237.45438461538464
1987.164,334.5163,61,0.09411764705882353,9,220.796
729.648,47.8878,6,0.2,1,729.648
1220.09,442.1355,46,0.07692307692307693,8,152.51125
1824.2340000000002,682.9979000000001,25,0.08,7,260.60485714285716
1441.152,-798.705,14,0.3666666666666667,2,720.576
8646.934,2038.2676000000001,107,0.07600000000000001,12,720.5778333333333
239.481,-0.7527000000000026,29,0.25,5,47.8962
1405.402,157.8768,16,0.15,3,468.46733333333333
4115.662,526.7537,36,0.1285714285714286,4,1028.9155
1467.152,192.0396,47,0.12307692307692308,8,183.394
7473.8282,38.47569999999996,91,0.21,11,679.4389272727273
2493.214,437.8533,54,0.04615384615384616,7,356.1734285714286
4893.043,1155.4331,65,0.10555555555555557,9,543.6714444444444
1056.858,-49.70089999999999,32,0.19,5,211.3716
7252.608,1495.0854,138,0.1088235294117647,10,725.2608
1840.178,247.6226,43,0.11666666666666668,5,368.03560000000004
2181.479,-134.441,75,0.22380952380952382,6,363.5798333333333
1278.639,198.5099,52,0.05384615384615384,8,159.829875
6843.634,1742.7296999999999,47,0.0846153846153846,7,977.662
160.572,-20.0508,19,0.37142857142857144,4,40.143
2876.046,434.52840000000003,52,0.08461538461538462,5,575.2092
3454.916,803.8169,48,0.038461538461538464,10,345.4916
3922.4150000000004,1290.354,39,0.1708333333333333,7,560.345
6108.338,1203.6768,61,0.12307692307692308,9,678.7042222222221
2617.906,546.0882,58,0.1647058823529412,9,290.8784444444444
3832.314,1292.8656,53,0.04000000000000001,7,547.4734285714286
4793.543,304.8673,75,0.27954545454545454,9,532.6158888888889
1686.9225,-445.695,27,0.31666666666666665,5,337.3845
1008.1959999999999,-164.40619999999998,16,0.3166666666666667,2,504.09799999999996
15117.339,6976.0959,71,0.09444444444444444,6,2519.5565
2663.0860000000002,477.23990000000003,66,0.1625,8,332.88575000000003
4715.466,640.5466,85,0.13478260869565217,12,392.95550000000003
528.546,76.8879,35,0.16666666666666666,5,105.70920000000001
221.084,72.679,29,0.14285714285714285,5,44.2168
2067.45,243.07549999999998,22,0.1571428571428571,4,516.8625
5633.316000000001,-461.73319999999995,92,0.25,8,704.1645000000001
966.409,63.991400000000006,29,0.11000000000000001,6,161.06816666666666
885.752,10.563300000000002,44,0.17272727272727273,6,147.62533333333332
4272.93,480.594,60,0.10666666666666667,8,534.11625
2912.8940000000002,734.5158,73,0.03157894736842106,10,291.2894
2786.632,835.772,23,0.08,5,557.3264
1419.737,207.3304,78,0.1575,10,141.9737
1137.616,318.4625,63,0.1875,8,142.202
3133.924,455.5292,85,0.05714285714285715,9,348.21377777777775
970.9420000000001,35.05740000000001,33,0.31,4,242.73550000000003
48.36,6.045,5,0.2,1,48.36
876.696,209.2294,47,0.13333333333333333,5,175.3392
3309.15,633.7072000000001,67,0.1375,8,413.64375
2341.2960000000003,711.6168,53,0.014285714285714287,7,334.4708571428572
945.222,280.0261,45,0.0818181818181818,8,118.15275
3621.3759999999997,563.7877,38,0.1,5,724.2751999999999
6979.18,1289.4535,43,0.03333333333333333,6,1163.1966666666667
740.382,0.30570000000000164,11,0.5333333333333333,2,370.191
2085.7400000000002,172.6261,43,0.10909090909090909,3,695.2466666666668
1460.192,269.688,29,0.07500000000000001,3,486.73066666666665
6234.91,488.14840000000004,101,0.21875,8,779.36375
1453.474,392.1499,29,0.044444444444444446,6,242.24566666666666
5979.0960000000005,1902.5438000000001,39,0.045454545454545456,5,1195.8192000000001
98.35,28.6879,4,0.0,1,98.35
3815.478,-1262.5716000000002,48,0.2916666666666667,7,545.0682857142857
954.6452,59.538399999999996,47,0.19333333333333336,4,238.6613
5153.084,465.25030000000015,88,0.14800000000000002,12,429.42366666666663
2170.716,594.5868,61,0.13333333333333333,8,271.3395
615.932,-73.835,7,0.27499999999999997,2,307.966
3302.2619999999997,721.6826,36,0.06000000000000001,6,550.377
3221.29,633.4513999999999,29,0.0,5,644.258
4159.7699999999995,1206.3851,54,0.1142857142857143,8,519.9712499999999
22.328,9.5838,10,0.06666666666666667,2,11.164
7397.401,1586.6273,89,0.13478260869565217,7,1056.7715714285714
3279.746,698.8325,53,0.1375,9,364.41622222222225
3495.646,707.5503,61,0.07333333333333333,5,699.1292000000001
4767.3415,610.1496000000001,75,0.19285714285714284,10,476.73415000000006
1348.02,157.6658,24,0.18571428571428572,3,449.34
6410.996,885.4623999999999,45,0.1416666666666667,6,1068.4993333333334
8057.891,-2082.7451,84,0.24117647058823527,7,1151.1272857142856
3362.9636,-317.0508,62,0.21882352941176472,5,672.59272
4624.572,1011.7443,61,0.18666666666666668,9,513.8413333333333
14142.333999999999,5757.411899999999,87,0.06363636363636364,9,1571.3704444444443
4371.9580000000005,440.14099999999996,49,0.10909090909090911,4,1092.9895000000001
3729.7929999999997,671.0033999999999,63,0.19722222222222222,8,466.22412499999996
3979.065,229.1617,64,0.21666666666666667,7,568.4378571428572
5992.536,236.66149999999996,80,0.19,9,665.8373333333334
1874.998,379.5611,44,0.27999999999999997,7,267.85685714285717
902.7280000000001,100.2253,30,0.34285714285714286,5,180.5456
1254.64,370.1578,26,0.0,6,209.10666666666668
2576.408,611.8291,66,0.15714285714285717,10,257.6408
5226.21,1276.6513,133,0.15000000000000002,11,475.11
4492.657,-671.1874,75,0.30476190476190473,7,641.8081428571429
279.25600000000003,51.8252,11,0.12000000000000002,4,69.81400000000001
280.632,31.1757,13,0.2,2,140.316
6121.114,1985.1671999999999,82,0.10476190476190476,9,680.1237777777777
12209.438000000002,2650.6769,78,0.1105263157894737,11,1109.9489090909092
763.5459999999999,228.1623,35,0.1,7,109.07799999999999
3422.7859999999996,286.9046,74,0.12666666666666665,9,380.3095555555555
3336.535,539.9352,66,0.2705882352941177,9,370.7261111111111
3406.5809999999997,570.438,30,0.06818181818181818,3,1135.5269999999998
1884.798,-119.0105,62,0.15,8,235.59975
3124.832,463.269,49,0.09230769230769233,6,520.8053333333334
47.946,-3.7073,17,0.4,3,15.982
3406.8395,558.4739999999999,113,0.13620689655172413,13,262.0645769230769
2180.718,-144.5229,45,0.23333333333333334,10,218.0718
2096.392,260.6258,16,0.2,2,1048.196
3949.656,144.1189,104,0.23333333333333336,12,329.138
1341.036,-23.5137,35,0.37,6,223.506
1318.776,68.09629999999999,30,0.14285714285714285,5,263.7552
883.409,168.7933,19,0.22000000000000003,3,294.4696666666667
3053.012,527.9715,30,0.17777777777777778,7,436.14457142857145
244.49399999999997,-26.5927,26,0.26666666666666666,4,61.12349999999999
25043.05,-1980.7393,50,0.24666666666666667,5,5008.61
1043.041,-237.2885,20,0.2833333333333333,1,1043.041
5563.392,581.5741999999999,94,0.1272727272727273,12,463.616
1860.418,-716.8565000000001,67,0.1733333333333333,6,310.06966666666665
3127.9592,481.74989999999997,89,0.1168421052631579,7,446.85131428571424
2602.5755,-81.0858,52,0.1366666666666667,6,433.76258333333334
1306.086,-118.77570000000001,43,0.26,6,217.681
5440.319,-270.42819999999995,77,0.25,9,604.4798888888889
1872.4360000000001,268.4782,71,0.15333333333333332,9,208.04844444444447
4282.94,566.7226,80,0.20833333333333334,10,428.294
3990.689,14.692400000000003,57,0.2714285714285714,6,665.1148333333333
3233.481,-3333.9144,34,0.36666666666666664,5,646.6962000000001
4345.8859999999995,1990.4243999999999,50,0.03333333333333333,8,543.2357499999999
1324.028,332.3487,86,0.11428571428571428,8,165.5035
3056.8070000000002,-1010.9738,46,0.25833333333333336,6,509.4678333333334
613.4,199.93449999999999,36,0.0,3,204.46666666666667
418.49,135.5401,17,0.0,6,69.74833333333333
964.636,-75.586,39,0.24000000000000002,5,192.9272
433.34000000000003,84.4419,33,0.20000000000000004,7,61.90571428571429
2595.364,763.4719,61,0.13333333333333333,7,370.76628571428574
11470.949999999999,1199.4242,109,0.15625,10,1147.0949999999998
4105.305,485.0272,91,0.184,9,456.14500000000004
1271.0900000000001,199.6502,24,0.19999999999999998,4,317.77250000000004
1903.491,106.8912,66,0.23076923076923078,8,237.936375
1085.078,-19.60620000000001,33,0.25999999999999995,7,155.01114285714286
1966.65,332.8725,28,0.028571428571428574,6,327.77500000000003
1019.044,95.8383,25,0.21666666666666667,3,339.6813333333333
2921.544,793.6548,18,0.1111111111111111,7,417.3634285714285
758.6959999999999,68.2416,27,0.1,2,379.34799999999996
3625.329,366.43030000000005,69,0.22000000000000003,11,329.57536363636365
14595.62,4703.7883,36,0.07999999999999999,4,3648.905
1467.881,390.2113,66,0.05555555555555555,5,293.57620000000003
3589.296,829.1635,36,0.09090909090909091,4,897.324
816.1740000000001,179.0038,23,0.025,4,204.04350000000002
1602.376,260.6155,74,0.2473684210526316,7,228.91085714285714
2198.45,490.9567,35,0.1,6,366.4083333333333
834.328,268.967,44,0.06153846153846154,5,166.8656
9133.99,2798.3689,55,0.07058823529411766,7,1304.8557142857142
4737.486,-1603.0451,85,0.265,9,526.3873333333333
1387.559,-136.4091,29,0.2714285714285714,5,277.5118
2797.668,379.882,60,0.14,9,310.85200000000003
19052.218,8981.323900000001,42,0.11666666666666665,5,3810.4436
1038.26,265.5332,17,0.0,1,1038.26
4266.812,606.3727,63,0.13125,8,533.3515
1244.976,119.104,45,0.2636363636363636,9,138.33066666666667
742.5580000000001,217.933,28,0.11000000000000001,7,106.0797142857143
1434.5480000000002,88.1897,67,0.24375000000000002,9,159.39422222222225
3058.372,682.1704,30,0.2111111111111111,5,611.6744
2074.661,365.7205,50,0.13,4,518.66525
2422.824,-135.2125,29,0.17142857142857146,5,484.5648
2942.772,-252.5539,29,0.23333333333333334,4,735.693
1022.201,92.729,40,0.2076923076923077,8,127.775125
4234.0960000000005,-571.9678,44,0.06923076923076922,7,604.8708571428572
2955.2259999999997,573.3013,67,0.05263157894736842,8,369.40324999999996
1094.6779999999999,292.52099999999996,12,0.05,3,364.8926666666666
3130.221,-692.0452,48,0.19999999999999998,7,447.17442857142856
4454.0560000000005,1129.1261,55,0.08750000000000001,9,494.8951111111112
5329.0048,-1087.3898,39,0.462,5,1065.80096
1936.6399999999999,139.22869999999995,48,0.24,4,484.15999999999997
675.9419999999999,220.36440000000002,22,0.028571428571428574,5,135.18839999999997
4.833,-3.3156,4,0.7,2,2.4165
2163.6240000000003,260.87440000000004,60,0.22352941176470587,6,360.60400000000004
5371.09,862.8877,67,0.15789473684210525,7,767.2985714285714
974.7819999999999,-184.97889999999998,51,0.2833333333333333,5,194.95639999999997
11891.751,2371.7144000000003,59,0.11666666666666667,6,1981.9585
2054.14,48.70169999999999,31,0.15714285714285717,5,410.828
2243.274,11.377899999999983,54,0.19285714285714287,6,373.87899999999996
2820.424,-294.6981,44,0.3727272727272727,7,402.9177142857143
3368.094,220.91629999999998,52,0.19285714285714287,5,673.6188
4915.602,751.9567,66,0.1142857142857143,7,702.2288571428571
1427.0439999999999,278.7371,55,0.21333333333333335,8,178.38049999999998
439.5,93.9162,8,0.0,3,146.5
5364.808,1124.4999,48,0.1285714285714286,7,766.4011428571429
5278.826,737.3905,57,0.10000000000000002,7,754.118
1707.286,224.8887,30,0.08888888888888889,4,426.8215
2005.596,371.2398,37,0.16999999999999998,6,334.266
6442.254,1617.7874000000002,71,0.07500000000000001,6,1073.709
847.944,-96.27799999999999,35,0.06363636363636363,5,169.5888
846.01,143.6268,32,0.07500000000000001,6,141.00166666666667
427.372,-52.333,16,0.10000000000000002,5,85.4744
2454.866,513.5269,37,0.10000000000000002,7,350.69514285714286
380.69,116.6373,25,0.11249999999999999,5,76.138
993.9019999999999,205.3888,18,0.04,3,331.30066666666664
3360.526,-1018.7768,65,0.17142857142857143,7,480.07514285714285
1055.981,-262.8093,38,0.475,4,263.99525
1736.596,-224.08889999999997,42,0.3333333333333333,2,868.298
6134.0380000000005,-874.6645,77,0.1611111111111111,10,613.4038
6160.102,714.3311,146,0.2054054054054054,11,560.0092727272727
2374.658,621.23,100,0.04642857142857143,11,215.878
5454.35,1305.629,31,0.07500000000000001,5,1090.8700000000001
6720.4439999999995,1778.2923,58,0.05000000000000001,8,840.0554999999999
8025.707,-1032.1490000000001,105,0.25483870967741934,13,617.362076923077
1493.944,249.1307,32,0.1111111111111111,5,298.7888
